{
	"class_name" : "PinholeCameraParameters",
	"extrinsic" : 
	[
		-0.51878740237006304,
		-0.24780622781461539,
		0.81820028391489408,
		0.0,
		-0.84651214267300312,
		0.28266678869391654,
		-0.45112822886251502,
		0.0,
		-0.11948566210756552,
		-0.92665611745984799,
		-0.35641494991786893,
		0.0,
		0.021922818753455586,
		-0.085840216032882832,
		8.2039585238666159,
		1.0
	],
	"intrinsic" : 
	{
		"height" : 1028,
		"intrinsic_matrix" : 
		[
			1918.274115090403,
			0.0,
			0.0,
			0.0,
			1918.274115090403,
			0.0,
			959.5,
			513.5,
			1.0
		],
		"width" : 1920
	},
	"version_major" : 1,
	"version_minor" : 0
}